FirstName,LastName,UserName
Martin,Ødegaard,Martin
Erling,Haaland,Erling
John,McGinn,JMcGuin
Bruno,Fernandes,Bruno
Reece,James,RJames
Virgil,vanDijk,VDijk
Declan,Rice,Decs
Bernardo,Silva,BSilva
Ibrahima,Konaté,Ikonate
Marcus,Rashford,mrash
